{"cameraMode":{"drawMode":0,"name":"Shaded","section":"Shading Mode"},"sceneLighting":true,"audioPlay":false,"sceneViewState":{"showFog":true,"showMaterialUpdate":false,"showSkybox":true,"showFlares":true,"showImageEffects":true,"showParticleSystems":true,"showVisualEffectGraphs":true,"m_FxEnabled":true},"in2DMode":false,"pivot":{"x":-14.876458168029786,"y":3.2072086334228517,"z":-7.479647636413574},"rotation":{"x":-0.001498453551903367,"y":0.04529030621051788,"z":-0.00006807259342167526,"w":-0.9989741444587708},"size":7.196680545806885,"orthographic":false}