{"cameraMode":{"drawMode":0,"name":"Shaded","section":"Shading Mode"},"sceneLighting":false,"audioPlay":false,"sceneViewState":{"showFog":true,"showMaterialUpdate":false,"showSkybox":false,"showFlares":true,"showImageEffects":true,"showParticleSystems":true,"showVisualEffectGraphs":true,"m_FxEnabled":true},"in2DMode":false,"pivot":{"x":0.0018797516822814942,"y":0.21266597509384156,"z":0.06112349033355713},"rotation":{"x":-0.1561630815267563,"y":0.7118558287620544,"z":-0.16742739081382752,"w":-0.663962721824646},"size":4.815219879150391,"orthographic":false}